model,noise_type,sigma,image,psnr,ssim,lpips,psnr_noisy,ssim_noisy,lpips_noisy,inference_ms
dncnn,gaussian,15,test001.png,28.37091702153511,0.8445049342505615,0.09461000561714172,24.80037145394863,0.751501598855507,0.15315185487270355,1.4803919999394566
vae,gaussian,15,test001.png,20.667480902285593,0.3611950032105094,0.6733623743057251,24.80037145394863,0.751501598855507,0.15315185487270355,40.36661720019765
dncnn,gaussian,15,test002.png,32.63359137345089,0.9193195462963833,0.06817857921123505,25.30919233969851,0.5363002383842902,0.43916022777557373,
vae,gaussian,15,test002.png,24.274450286102432,0.6769357672953333,0.4974430203437805,25.30919233969851,0.5363002383842902,0.43916022777557373,
dncnn,gaussian,15,test003.png,32.494696630347214,0.9017303162473584,0.1645282804965973,24.66049352693986,0.48132859926295457,0.4991615116596222,
vae,gaussian,15,test003.png,22.60341433283651,0.6696010821137127,0.6034079194068909,24.66049352693986,0.48132859926295457,0.4991615116596222,
dncnn,gaussian,15,test004.png,33.221490810394805,0.9085968047971016,0.09467633813619614,24.60508723280714,0.5258671662385701,0.565162181854248,
vae,gaussian,15,test004.png,26.05346120553586,0.6523847261885913,0.5051539540290833,24.60508723280714,0.5258671662385701,0.565162181854248,
dncnn,gaussian,15,test005.png,30.10539632584181,0.8980548012569335,0.10045019537210464,25.17993356739094,0.6738289662752435,0.31794604659080505,
vae,gaussian,15,test005.png,22.36979560511521,0.5189914011964553,0.6095911860466003,25.17993356739094,0.6738289662752435,0.31794604659080505,
dncnn,gaussian,15,test006.png,34.955096888700176,0.9256362626275721,0.1063578873872757,24.949969911801023,0.4335960425126025,0.636900782585144,
vae,gaussian,15,test006.png,28.728690047860287,0.7929895038466594,0.36334457993507385,24.949969911801023,0.4335960425126025,0.636900782585144,
dncnn,gaussian,15,test007.png,31.260088428553885,0.8950796884494517,0.09264445304870605,24.62100046368709,0.6609321035944927,0.33740097284317017,
vae,gaussian,15,test007.png,21.64273127486232,0.4697763143983207,0.6060774922370911,24.62100046368709,0.6609321035944927,0.33740097284317017,
dncnn,gaussian,15,test008.png,29.045232966639052,0.8692162975382586,0.10468588769435883,24.675345440934976,0.7064644819110657,0.2658975422382355,
vae,gaussian,15,test008.png,19.950066899654676,0.35174351863106107,0.7142579555511475,24.675345440934976,0.7064644819110657,0.2658975422382355,
dncnn,gaussian,15,test009.png,31.50477736144094,0.9030507118321501,0.08675695955753326,24.727303512563644,0.5902915563861231,0.4162769913673401,
vae,gaussian,15,test009.png,22.38062907022102,0.5712965217772802,0.5467150211334229,24.727303512563644,0.5902915563861231,0.4162769913673401,
dncnn,gaussian,15,test010.png,32.241285478367416,0.888053808096955,0.11630971729755402,24.601308307788297,0.5314130664341831,0.5032249093055725,
vae,gaussian,15,test010.png,24.984597375523457,0.606880004054751,0.5482071042060852,24.601308307788297,0.5314130664341831,0.5032249093055725,
dncnn,gaussian,15,test011.png,31.630376667779142,0.9210345888145784,0.04710013046860695,24.91815344841294,0.6916721288629543,0.2672017812728882,
vae,gaussian,15,test011.png,20.036667174106245,0.4905339397702758,0.5353207588195801,24.91815344841294,0.6916721288629543,0.2672017812728882,
dncnn,gaussian,15,test012.png,30.902236234870077,0.8705856200194697,0.11422872543334961,24.596448569491173,0.64494903576628,0.32485640048980713,
vae,gaussian,15,test012.png,22.468332722056992,0.42816489535033925,0.658087968826294,24.596448569491173,0.64494903576628,0.32485640048980713,
dncnn,gaussian,15,test013.png,31.95034169438154,0.8926911939343714,0.15039604902267456,24.60429309593526,0.5805937092007452,0.46422019600868225,
vae,gaussian,15,test013.png,24.97143750291084,0.5679716381767943,0.5894919037818909,24.60429309593526,0.5805937092007452,0.46422019600868225,
dncnn,gaussian,15,test014.png,33.19486184361751,0.8984473284181198,0.12085068225860596,24.67698112184693,0.4630857510919758,0.5387357473373413,
vae,gaussian,15,test014.png,24.83014970144149,0.6723165154777915,0.5235738754272461,24.67698112184693,0.4630857510919758,0.5387357473373413,
dncnn,gaussian,15,test015.png,29.904134051740158,0.8650767174121631,0.12683400511741638,24.716146132444837,0.6452885960939037,0.31423938274383545,
vae,gaussian,15,test015.png,21.50396724660481,0.47556659507645876,0.6407264471054077,24.716146132444837,0.6452885960939037,0.31423938274383545,
dncnn,gaussian,15,test016.png,30.852915235385815,0.9123763220411794,0.05425363779067993,24.62838836541424,0.7312075130310572,0.24456340074539185,
vae,gaussian,15,test016.png,18.913420992827955,0.42104612739464947,0.5834969282150269,24.62838836541424,0.7312075130310572,0.24456340074539185,
dncnn,gaussian,15,test017.png,34.940666335166185,0.9063116854577634,0.12569555640220642,25.044777350841297,0.4075109254668032,0.6460314989089966,
vae,gaussian,15,test017.png,29.215322556686605,0.7688637618844384,0.4134231209754944,25.044777350841297,0.4075109254668032,0.6460314989089966,
dncnn,gaussian,15,test018.png,35.1660458374092,0.9222949826988261,0.10210289061069489,24.65941737382996,0.38354995193950514,0.6690711975097656,
vae,gaussian,15,test018.png,28.13816696917057,0.7823084673493209,0.3984681963920593,24.65941737382996,0.38354995193950514,0.6690711975097656,
dncnn,gaussian,15,test019.png,30.72859449134111,0.8806541057170781,0.08296272903680801,24.785259888057016,0.5784890827756677,0.3336542248725891,
vae,gaussian,15,test019.png,22.149934144514223,0.5602218760981951,0.5726730227470398,24.785259888057016,0.5784890827756677,0.3336542248725891,
dncnn,gaussian,15,test020.png,31.55914883692745,0.895657818704022,0.11602474749088287,24.781437258807586,0.4953100053163599,0.4279775321483612,
vae,gaussian,15,test020.png,21.55758573337906,0.6496281330109783,0.5517640113830566,24.781437258807586,0.4953100053163599,0.4279775321483612,
dncnn,gaussian,15,test021.png,29.441243623115835,0.9251384103722441,0.04192887246608734,24.91026769860479,0.7524892444745291,0.15383803844451904,
vae,gaussian,15,test021.png,17.91724000530804,0.39167992986317074,0.6493974328041077,24.91026769860479,0.7524892444745291,0.15383803844451904,
dncnn,gaussian,15,test022.png,29.72626544408413,0.8916069433709035,0.08041957020759583,24.761938045339505,0.7508745453094778,0.18255697190761566,
vae,gaussian,15,test022.png,19.74773883173031,0.3760366920456593,0.6110584735870361,24.761938045339505,0.7508745453094778,0.18255697190761566,
dncnn,gaussian,15,test023.png,31.709865560830323,0.9166587276379068,0.06432086229324341,24.693433014204544,0.6071369757798182,0.4098502993583679,
vae,gaussian,15,test023.png,22.103589385838,0.5614886400814096,0.5477261543273926,24.693433014204544,0.6071369757798182,0.4098502993583679,
dncnn,gaussian,15,test024.png,31.320060239790195,0.9187274872786618,0.06995414197444916,24.9406215741412,0.664859701228321,0.3187061846256256,
vae,gaussian,15,test024.png,21.68407259097718,0.5732579919005163,0.4907837212085724,24.9406215741412,0.664859701228321,0.3187061846256256,
dncnn,gaussian,15,test025.png,32.05863820445244,0.9488506921178217,0.05660936236381531,24.604930536320758,0.4946463705800729,0.5773846507072449,
vae,gaussian,15,test025.png,22.249097052368274,0.6894143086508612,0.4527032673358917,24.604930536320758,0.4946463705800729,0.5773846507072449,
dncnn,gaussian,15,test026.png,30.920519307540356,0.8727603828357275,0.10611040890216827,24.708162122629087,0.6259529813642589,0.3583931028842926,
vae,gaussian,15,test026.png,23.266256864007232,0.5376490888169256,0.5739180445671082,24.708162122629087,0.6259529813642589,0.3583931028842926,
dncnn,gaussian,15,test027.png,32.3892263942451,0.8859866639836789,0.12668460607528687,24.65463193786738,0.5315055695567513,0.5217059850692749,
vae,gaussian,15,test027.png,24.986981577792506,0.6169720761853446,0.5602290630340576,24.65463193786738,0.5315055695567513,0.5217059850692749,
dncnn,gaussian,15,test028.png,35.41354153753797,0.9096624007641323,0.10441666841506958,26.406084418071075,0.45349142659238306,0.49058064818382263,
vae,gaussian,15,test028.png,26.95082789327862,0.7891234996165677,0.48159852623939514,26.406084418071075,0.45349142659238306,0.49058064818382263,
dncnn,gaussian,15,test029.png,27.587651917280674,0.9200166774801941,0.05258543789386749,24.81735775914799,0.7759633602381948,0.1723134070634842,
vae,gaussian,15,test029.png,17.049793283208427,0.3343022675565997,0.7745850086212158,24.81735775914799,0.7759633602381948,0.1723134070634842,
dncnn,gaussian,15,test030.png,32.273563124857795,0.8735724886123001,0.14807288348674774,24.623528438261538,0.542484542623598,0.4670758843421936,
vae,gaussian,15,test030.png,24.746921795210387,0.5645299027470017,0.5623211860656738,24.623528438261538,0.542484542623598,0.4670758843421936,
dncnn,gaussian,15,test031.png,27.51616887382994,0.9094607703960629,0.05976056307554245,24.61792525607113,0.8547596910635232,0.10548154264688492,
vae,gaussian,15,test031.png,18.207599098079747,0.19709275367017606,0.8170161247253418,24.61792525607113,0.8547596910635232,0.10548154264688492,
dncnn,gaussian,15,test032.png,29.390131420746606,0.907662997132256,0.07602451741695404,24.61718603024604,0.7822521725591263,0.244625985622406,
vae,gaussian,15,test032.png,20.30645308459964,0.3378378983881163,0.6626201272010803,24.61718603024604,0.7822521725591263,0.244625985622406,
dncnn,gaussian,15,test033.png,30.72587382695874,0.9402126364307595,0.07056624442338943,24.731188419555153,0.575843813279418,0.3617439866065979,
vae,gaussian,15,test033.png,20.836536562684515,0.6092025715083482,0.5005978941917419,24.731188419555153,0.575843813279418,0.3617439866065979,
dncnn,gaussian,15,test034.png,35.14808431782381,0.8911251018150906,0.1750071793794632,24.757491596539545,0.423116933299809,0.5019689798355103,
vae,gaussian,15,test034.png,28.405762248086642,0.7739039763345312,0.38188692927360535,24.757491596539545,0.423116933299809,0.5019689798355103,
dncnn,gaussian,15,test035.png,30.48570438370782,0.8777973340647163,0.11555096507072449,24.654461220562226,0.6104738923557221,0.32506251335144043,
vae,gaussian,15,test035.png,22.18117148794139,0.5319952268075924,0.6171835660934448,24.654461220562226,0.6104738923557221,0.32506251335144043,
dncnn,gaussian,15,test036.png,29.19832178274806,0.7032573347350609,0.2531387507915497,24.625566696730274,0.5811097438544558,0.19174639880657196,
vae,gaussian,15,test036.png,25.41650522395843,0.3673872785002704,0.9186081886291504,24.625566696730274,0.5811097438544558,0.19174639880657196,
dncnn,gaussian,15,test037.png,30.722003687385524,0.8628877815963232,0.10790529102087021,24.675721041893844,0.555964593949772,0.3577634394168854,
vae,gaussian,15,test037.png,24.308806340059007,0.5563012303151728,0.5502992868423462,24.675721041893844,0.555964593949772,0.3577634394168854,
dncnn,gaussian,15,test038.png,31.537332137390152,0.877817129015823,0.09703329205513,24.647026321347887,0.5945264830996618,0.4316652715206146,
vae,gaussian,15,test038.png,24.26165389688968,0.49801754523621633,0.6107778549194336,24.647026321347887,0.5945264830996618,0.4316652715206146,
dncnn,gaussian,15,test039.png,35.687106965490585,0.9385772847838469,0.04020422697067261,24.61606139680741,0.4947740625113672,0.6371484994888306,
vae,gaussian,15,test039.png,25.574244987559013,0.7066686213003184,0.4050480127334595,24.61606139680741,0.4947740625113672,0.6371484994888306,
dncnn,gaussian,15,test040.png,31.582281309998535,0.8432522758557185,0.15919943153858185,24.813282290928388,0.5841501854931501,0.301403284072876,
vae,gaussian,15,test040.png,22.132230114270307,0.5362465054607825,0.599678635597229,24.813282290928388,0.5841501854931501,0.301403284072876,
dncnn,gaussian,15,test041.png,30.437649662322443,0.8939583836990092,0.0754920020699501,24.88532677383489,0.6274239185726209,0.3023054897785187,
vae,gaussian,15,test041.png,21.65037689154503,0.5201287996529689,0.5928491950035095,24.88532677383489,0.6274239185726209,0.3023054897785187,
dncnn,gaussian,15,test042.png,31.969440723307017,0.8688536949370838,0.11267160624265671,24.6093565289071,0.5083848064838595,0.4287540316581726,
vae,gaussian,15,test042.png,22.807105505703728,0.6056324252846436,0.5857728719711304,24.6093565289071,0.5083848064838595,0.4287540316581726,
dncnn,gaussian,15,test043.png,33.01927213358253,0.9252734958527978,0.07161359488964081,24.718919188887973,0.5722667044413617,0.45689013600349426,
vae,gaussian,15,test043.png,21.935383764865275,0.6505518270929057,0.42652997374534607,24.718919188887973,0.5722667044413617,0.45689013600349426,
dncnn,gaussian,15,test044.png,30.303837598100905,0.9148501885487024,0.06489917635917664,24.71359841341708,0.6448790438865858,0.3470439612865448,
vae,gaussian,15,test044.png,21.18707600923669,0.4481438044479201,0.6094780564308167,24.71359841341708,0.6448790438865858,0.3470439612865448,
dncnn,gaussian,15,test045.png,35.53096258525967,0.9056189927660433,0.12495927512645721,24.609846540201232,0.3721659277235854,0.6551331281661987,
vae,gaussian,15,test045.png,30.114291209262603,0.7584032988131079,0.48846036195755005,24.609846540201232,0.3721659277235854,0.6551331281661987,
dncnn,gaussian,15,test046.png,29.118188340265945,0.8721824364855375,0.06983787566423416,24.728658099676828,0.738041387061776,0.17057932913303375,
vae,gaussian,15,test046.png,18.803190399932323,0.3451092484281468,0.676270604133606,24.728658099676828,0.738041387061776,0.17057932913303375,
dncnn,gaussian,15,test047.png,29.26923513186074,0.8858083448854206,0.08565235137939453,24.596960278204495,0.7319795869774587,0.27565884590148926,
vae,gaussian,15,test047.png,21.292489686574285,0.3705120583718578,0.6758862733840942,24.596960278204495,0.7319795869774587,0.27565884590148926,
dncnn,gaussian,15,test048.png,32.73880100258876,0.9470508373681963,0.0384245365858078,25.04639881782093,0.6319747491360905,0.37315288186073303,
vae,gaussian,15,test048.png,20.316069971127316,0.6164118591989953,0.43621519207954407,25.04639881782093,0.6319747491360905,0.37315288186073303,
dncnn,gaussian,15,test049.png,33.347473502245144,0.85773438142555,0.1841716468334198,25.025046845857418,0.4500835217225024,0.4937915802001953,
vae,gaussian,15,test049.png,28.04142079349662,0.7164985949593254,0.49707096815109253,25.025046845857418,0.4500835217225024,0.4937915802001953,
dncnn,gaussian,15,test050.png,29.396019943675945,0.8707107201554721,0.11169968545436859,24.905693862402657,0.6966496474921156,0.27750352025032043,
vae,gaussian,15,test050.png,21.714276507441234,0.4447685252318495,0.6820673942565918,24.905693862402657,0.6966496474921156,0.27750352025032043,
dncnn,gaussian,15,test051.png,30.981147477914828,0.8789173659887928,0.08464044332504272,24.669161532291493,0.6192419641410797,0.32440611720085144,
vae,gaussian,15,test051.png,18.694887458413824,0.4845439951594689,0.6942958831787109,24.669161532291493,0.6192419641410797,0.32440611720085144,
dncnn,gaussian,15,test052.png,33.795472188889434,0.8673455424709129,0.16382890939712524,25.15689906950509,0.4503988367579037,0.532129168510437,
vae,gaussian,15,test052.png,28.22923106026735,0.717430414441229,0.5136404037475586,25.15689906950509,0.4503988367579037,0.532129168510437,
dncnn,gaussian,15,test053.png,32.95087018838676,0.8358038471505954,0.20083089172840118,24.63904706330872,0.44141912741106354,0.556935727596283,
vae,gaussian,15,test053.png,28.76729619429198,0.6442892966726383,0.5588074922561646,24.63904706330872,0.44141912741106354,0.556935727596283,
dncnn,gaussian,15,test054.png,31.635859908322228,0.8851087947704439,0.10300750285387039,24.66548942940619,0.6264982374114301,0.3203934133052826,
vae,gaussian,15,test054.png,22.562975992666523,0.5278628367378377,0.5764038562774658,24.66548942940619,0.6264982374114301,0.3203934133052826,
dncnn,gaussian,15,test055.png,30.211415591361792,0.8755577956480888,0.08059597760438919,24.692232553363883,0.6822410717812696,0.2701056897640228,
vae,gaussian,15,test055.png,20.968642864668965,0.4412028742469143,0.5941194295883179,24.692232553363883,0.6822410717812696,0.2701056897640228,
dncnn,gaussian,15,test056.png,26.98344404129047,0.8948562978783945,0.06796886026859283,24.67249789653369,0.8435331120059802,0.10469996184110641,
vae,gaussian,15,test056.png,18.598616807426232,0.23143191366416238,0.9203977584838867,24.67249789653369,0.8435331120059802,0.10469996184110641,
dncnn,gaussian,15,test057.png,30.742659346923823,0.8973689558466176,0.09283538907766342,24.64375228646236,0.5366854460823506,0.47332876920700073,
vae,gaussian,15,test057.png,24.251659855557584,0.5764612207751603,0.6291146874427795,24.64375228646236,0.5366854460823506,0.47332876920700073,
dncnn,gaussian,15,test058.png,32.64165354720089,0.8430143557799888,0.2780987620353699,24.631192544740543,0.4298711189696365,0.4896771311759949,
vae,gaussian,15,test058.png,28.74521291759632,0.6756201804241398,0.6158387660980225,24.631192544740543,0.4298711189696365,0.4896771311759949,
dncnn,gaussian,15,test059.png,32.21165873020564,0.8476688803363663,0.13654549419879913,24.606846288507334,0.4723919006887833,0.4716258645057678,
vae,gaussian,15,test059.png,27.273798043051652,0.6495839577588524,0.5102009177207947,24.606846288507334,0.4723919006887833,0.4716258645057678,
dncnn,gaussian,15,test060.png,32.95584799090757,0.8527139398697126,0.1709008365869522,24.588066593988014,0.42048973055670635,0.6116307973861694,
vae,gaussian,15,test060.png,28.008623612504465,0.678303827186692,0.5751451253890991,24.588066593988014,0.42048973055670635,0.6116307973861694,
dncnn,gaussian,15,test061.png,32.39059065551889,0.8534297582109271,0.15169258415699005,24.697021676091534,0.4600779227451573,0.5197815895080566,
vae,gaussian,15,test061.png,24.822742736668147,0.6435937137434778,0.6143352389335632,24.697021676091534,0.4600779227451573,0.5197815895080566,
dncnn,gaussian,15,test062.png,36.21494342064571,0.9509037616117457,0.0660630315542221,25.564722004179984,0.4872179430919383,0.5221026539802551,
vae,gaussian,15,test062.png,20.9803941526417,0.7725736006902698,0.3579525947570801,25.564722004179984,0.4872179430919383,0.5221026539802551,
dncnn,gaussian,15,test063.png,29.357572252429907,0.9103055207814987,0.07843830436468124,24.728224382078544,0.769343318930943,0.2473224699497223,
vae,gaussian,15,test063.png,20.146688024969514,0.37658653571124484,0.6529571413993835,24.728224382078544,0.769343318930943,0.2473224699497223,
dncnn,gaussian,15,test064.png,29.024368456435354,0.8356521263538845,0.13064485788345337,24.646178299482354,0.6965343178764123,0.24164463579654694,
vae,gaussian,15,test064.png,22.076852075768123,0.4027025614967583,0.6919564008712769,24.646178299482354,0.6965343178764123,0.24164463579654694,
dncnn,gaussian,15,test065.png,31.385790070139322,0.8898726998445086,0.12367194890975952,25.27622201757829,0.5885679172487586,0.3640260696411133,
vae,gaussian,15,test065.png,23.837308434664077,0.6119214417261496,0.5615973472595215,25.27622201757829,0.5885679172487586,0.3640260696411133,
dncnn,gaussian,15,test066.png,40.42992823001739,0.9677146538652374,0.09779611974954605,24.629984098421108,0.2731519005235375,0.8662048578262329,
vae,gaussian,15,test066.png,31.123244673565715,0.9232854895242928,0.28629153966903687,24.629984098421108,0.2731519005235375,0.8662048578262329,
dncnn,gaussian,15,test067.png,27.649160380610745,0.9269313255497686,0.053055036813020706,24.72672933525569,0.8722807169756296,0.08766262978315353,
vae,gaussian,15,test067.png,17.087629574200296,0.3152696502153605,0.6716572642326355,24.72672933525569,0.8722807169756296,0.08766262978315353,
dncnn,gaussian,15,test068.png,29.065315375389645,0.9256568407375014,0.04628186672925949,25.410913256005347,0.699724539398898,0.2014765441417694,
vae,gaussian,15,test068.png,19.61669032998366,0.49421892020554703,0.6009277701377869,25.410913256005347,0.699724539398898,0.2014765441417694,
dncnn,gaussian,25,test001.png,25.78788559723968,0.7386540944217739,0.20961663126945496,20.4874572470192,0.5659020649854657,0.3528212904930115,1.4893605995894177
vae,gaussian,25,test001.png,19.967201807431852,0.30841496442191,0.738650918006897,20.4874572470192,0.5659020649854657,0.3528212904930115,40.58397800035891
dncnn,gaussian,25,test002.png,30.045111591515223,0.8681074490068152,0.11870938539505005,20.935631701355696,0.3501975400254742,0.6764006018638611,
vae,gaussian,25,test002.png,23.360104328508147,0.6445873790076668,0.5501869320869446,20.935631701355696,0.3501975400254742,0.6764006018638611,
dncnn,gaussian,25,test003.png,29.790100171969947,0.8521670125513746,0.21210114657878876,20.319312946338176,0.32249583715008473,0.7319269180297852,
vae,gaussian,25,test003.png,21.8759147325167,0.6319213239624015,0.6311705112457275,20.319312946338176,0.32249583715008473,0.7319269180297852,
dncnn,gaussian,25,test004.png,30.495934232022034,0.8427280014533247,0.15819847583770752,20.236546124868312,0.3293121830398949,0.8439331650733948,
vae,gaussian,25,test004.png,24.83081431188031,0.5911931250006088,0.5619789958000183,20.236546124868312,0.3293121830398949,0.8439331650733948,
dncnn,gaussian,25,test005.png,27.454995555134776,0.8232385991677306,0.19372327625751495,20.888315458696482,0.4839306952135992,0.5463145971298218,
vae,gaussian,25,test005.png,21.663777493503016,0.47644226858223754,0.6644333600997925,20.888315458696482,0.4839306952135992,0.5463145971298218,
dncnn,gaussian,25,test006.png,32.46477919213858,0.8725967331276203,0.16855253279209137,20.69445226269124,0.2530017852279524,0.8691579699516296,
vae,gaussian,25,test006.png,27.263065080141228,0.7550194886963892,0.42628949880599976,20.69445226269124,0.2530017852279524,0.8691579699516296,
dncnn,gaussian,25,test007.png,28.574230465428144,0.8230118100992719,0.14745184779167175,20.32273616844425,0.4734810254821526,0.5869845747947693,
vae,gaussian,25,test007.png,20.72049876449784,0.4077876705401942,0.6763686537742615,20.32273616844425,0.4734810254821526,0.5869845747947693,
dncnn,gaussian,25,test008.png,26.22039622891792,0.7713158237228019,0.19568420946598053,20.40193567593885,0.5272972487178612,0.48893818259239197,
vae,gaussian,25,test008.png,19.515256829819393,0.31297544229572954,0.7554454803466797,20.40193567593885,0.5272972487178612,0.48893818259239197,
dncnn,gaussian,25,test009.png,28.85953563894303,0.8310516918049121,0.1676488071680069,20.61866236502393,0.4143876224971978,0.6364233493804932,
vae,gaussian,25,test009.png,21.352860291583436,0.5167463844041389,0.6129039525985718,20.61866236502393,0.4143876224971978,0.6364233493804932,
dncnn,gaussian,25,test010.png,29.654884540953805,0.8159686548930959,0.16519637405872345,20.183621013856655,0.3373459510790523,0.7711960077285767,
vae,gaussian,25,test010.png,24.155705083688808,0.5586078824923585,0.5928788185119629,20.183621013856655,0.3373459510790523,0.7711960077285767,
dncnn,gaussian,25,test011.png,28.67558438020636,0.8638132623190071,0.08651995658874512,20.691759029646846,0.5355917185706599,0.46982330083847046,
vae,gaussian,25,test011.png,18.696905658828896,0.4036101277454077,0.6182239055633545,20.691759029646846,0.5355917185706599,0.46982330083847046,
dncnn,gaussian,25,test012.png,28.32882134396071,0.7870278638560472,0.18052645027637482,20.212557734807078,0.4457981269811309,0.5952117443084717,
vae,gaussian,25,test012.png,21.825857107358246,0.37475541196064305,0.7174822092056274,20.212557734807078,0.4457981269811309,0.5952117443084717,
dncnn,gaussian,25,test013.png,29.458820839365863,0.8194751682949744,0.2219533920288086,20.229814630358703,0.3761367826871002,0.7364342212677002,
vae,gaussian,25,test013.png,23.799688293909863,0.5002920179797133,0.6409364938735962,20.229814630358703,0.3761367826871002,0.7364342212677002,
dncnn,gaussian,25,test014.png,30.61015683291923,0.8421202857872796,0.16081804037094116,20.315041252335657,0.2976032804858486,0.7894712090492249,
vae,gaussian,25,test014.png,23.491826688712266,0.6324168268608352,0.5873124003410339,20.315041252335657,0.2976032804858486,0.7894712090492249,
dncnn,gaussian,25,test015.png,27.202936159025157,0.7866010671703638,0.179632306098938,20.454581897502713,0.4687263637993404,0.5458369255065918,
vae,gaussian,25,test015.png,20.79230149442584,0.432948236670002,0.6958898901939392,20.454581897502713,0.4687263637993404,0.5458369255065918,
dncnn,gaussian,25,test016.png,27.819064688914672,0.852759173737831,0.10228585451841354,20.275790694516544,0.5750695639986182,0.443893164396286,
vae,gaussian,25,test016.png,17.9538051005423,0.34677209860411745,0.6780608892440796,20.275790694516544,0.5750695639986182,0.443893164396286,
dncnn,gaussian,25,test017.png,32.48894480961181,0.8446282662700989,0.1981389969587326,20.813990452797498,0.23457611089400252,0.873956024646759,
vae,gaussian,25,test017.png,27.543828738537023,0.7097267269434755,0.47635191679000854,20.813990452797498,0.23457611089400252,0.873956024646759,
dncnn,gaussian,25,test018.png,32.72639717028933,0.8751120904346457,0.14507830142974854,20.342977650551894,0.22372666024321627,0.9077998399734497,
vae,gaussian,25,test018.png,26.93273963396905,0.7485493420288272,0.459035187959671,20.342977650551894,0.22372666024321627,0.9077998399734497,
dncnn,gaussian,25,test019.png,28.112022459819773,0.8030418791090735,0.13069523870944977,20.5198638411473,0.40974861953325525,0.5000336170196533,
vae,gaussian,25,test019.png,21.059041875225258,0.5092406451885585,0.6513904929161072,20.5198638411473,0.40974861953325525,0.5000336170196533,
dncnn,gaussian,25,test020.png,28.743961005055752,0.8289040103201679,0.16891837120056152,20.56078738266006,0.3406210413975576,0.6281449198722839,
vae,gaussian,25,test020.png,20.682554255631352,0.6077256876526633,0.6089948415756226,20.56078738266006,0.3406210413975576,0.6281449198722839,
dncnn,gaussian,25,test021.png,26.239535551678284,0.8656022422149366,0.07796928286552429,20.75183955749591,0.6228835559884416,0.3162025809288025,
vae,gaussian,25,test021.png,17.231490906279408,0.34008663197076083,0.7162814736366272,20.75183955749591,0.6228835559884416,0.3162025809288025,
dncnn,gaussian,25,test022.png,26.96904475400307,0.8135544758066099,0.15184593200683594,20.543991076847597,0.5857365272514621,0.3796796500682831,
vae,gaussian,25,test022.png,18.840622458832136,0.29713884716926187,0.6997399926185608,20.543991076847597,0.5857365272514621,0.3796796500682831,
dncnn,gaussian,25,test023.png,28.66944962626507,0.850237458182656,0.12022306770086288,20.389275306510942,0.4349310345915893,0.6399813890457153,
vae,gaussian,25,test023.png,21.151810983974233,0.49018016051396873,0.6409894227981567,20.389275306510942,0.4349310345915893,0.6399813890457153,
dncnn,gaussian,25,test024.png,28.57995517712157,0.8613384921056784,0.1184760183095932,20.834324293007775,0.4977193265390258,0.5221458673477173,
vae,gaussian,25,test024.png,20.45903369726842,0.5012184954570565,0.5505518913269043,20.834324293007775,0.4977193265390258,0.5221458673477173,
dncnn,gaussian,25,test025.png,29.368397631152263,0.9071271594073639,0.1073455959558487,20.294830773470657,0.3533982663986008,0.7735467553138733,
vae,gaussian,25,test025.png,21.399969310458026,0.6466702719710292,0.5165420770645142,20.294830773470657,0.3533982663986008,0.7735467553138733,
dncnn,gaussian,25,test026.png,28.500425446378447,0.8001519167399844,0.1645289659500122,20.362394416127856,0.4382484430663513,0.6004820466041565,
vae,gaussian,25,test026.png,22.22540407517911,0.48231401023947956,0.627487301826477,20.362394416127856,0.4382484430663513,0.6004820466041565,
dncnn,gaussian,25,test027.png,29.83524535039427,0.8220428215967384,0.19613082706928253,20.28904742728695,0.34164208624099585,0.8125509023666382,
vae,gaussian,25,test027.png,24.13914904973285,0.5711134794725624,0.5872641205787659,20.28904742728695,0.34164208624099585,0.8125509023666382,
dncnn,gaussian,25,test028.png,32.92067887252898,0.8610251152694673,0.14750555157661438,22.45127020469065,0.2776870219906918,0.6596938967704773,
vae,gaussian,25,test028.png,25.207080044453008,0.735692220679815,0.52449631690979,22.45127020469065,0.2776870219906918,0.6596938967704773,
dncnn,gaussian,25,test029.png,24.341879325757333,0.8372333945792819,0.13372719287872314,20.509671967628343,0.6484991852535478,0.3181215822696686,
vae,gaussian,25,test029.png,16.57612203190682,0.29731545023811196,0.8227002620697021,20.509671967628343,0.6484991852535478,0.3181215822696686,
dncnn,gaussian,25,test030.png,29.750670781143857,0.7970824582750038,0.19056490063667297,20.179314907657062,0.340048327097288,0.7454580664634705,
vae,gaussian,25,test030.png,23.895711677752985,0.5158552178134315,0.6206018924713135,20.179314907657062,0.340048327097288,0.7454580664634705,
dncnn,gaussian,25,test031.png,24.49479449686091,0.8216338073378717,0.13010770082473755,20.281663987220007,0.7057542979951342,0.28027331829071045,
vae,gaussian,25,test031.png,17.911235830820978,0.15983769621756336,0.8758409023284912,20.281663987220007,0.7057542979951342,0.28027331829071045,
dncnn,gaussian,25,test032.png,26.613870472859933,0.8309242983826419,0.16184982657432556,20.270173193401362,0.6008832329879534,0.42676064372062683,
vae,gaussian,25,test032.png,19.542081703475322,0.2636886819062789,0.7303804755210876,20.270173193401362,0.6008832329879534,0.42676064372062683,
dncnn,gaussian,25,test033.png,27.802275864136078,0.8928518808919784,0.10621500015258789,20.41826030219985,0.4386839389973254,0.5040388107299805,
vae,gaussian,25,test033.png,19.921604130951987,0.5557128987315038,0.5657595992088318,20.41826030219985,0.4386839389973254,0.5040388107299805,
dncnn,gaussian,25,test034.png,32.921196050063855,0.8485318639625982,0.20550969243049622,20.58925632177289,0.25644639752638965,0.6987401247024536,
vae,gaussian,25,test034.png,26.178721677904306,0.7313808329038669,0.46541282534599304,20.58925632177289,0.25644639752638965,0.6987401247024536,
dncnn,gaussian,25,test035.png,28.027683711722133,0.8018128751378908,0.19129237532615662,20.3737153811888,0.4320620294183095,0.5473909378051758,
vae,gaussian,25,test035.png,21.34238399733185,0.47572058479761126,0.6671758890151978,20.3737153811888,0.4320620294183095,0.5473909378051758,
dncnn,gaussian,25,test036.png,27.430347366023973,0.5433327925411382,0.5203526616096497,20.173784922961918,0.35311430071676175,0.31709763407707214,
vae,gaussian,25,test036.png,25.033398745010203,0.3551993832723706,0.935471773147583,20.173784922961918,0.35311430071676175,0.31709763407707214,
dncnn,gaussian,25,test037.png,28.451802148930078,0.774173990950947,0.1870361864566803,20.37799882527483,0.3699876414844366,0.5610322952270508,
vae,gaussian,25,test037.png,23.331616621142437,0.5179319754888443,0.606255292892456,20.37799882527483,0.3699876414844366,0.5610322952270508,
dncnn,gaussian,25,test038.png,28.939554080946625,0.7921494010673927,0.1720099300146103,20.35541486675882,0.3983357605771402,0.7168030738830566,
vae,gaussian,25,test038.png,23.525290963227473,0.45577849911682516,0.6606770753860474,20.35541486675882,0.3983357605771402,0.7168030738830566,
dncnn,gaussian,25,test039.png,32.58685182265833,0.8893123641087796,0.07715824991464615,20.198816678467963,0.3171050504074001,0.8782902956008911,
vae,gaussian,25,test039.png,23.744474269927224,0.6278882159603614,0.5466692447662354,20.198816678467963,0.3171050504074001,0.8782902956008911,
dncnn,gaussian,25,test040.png,29.21856545709033,0.7778669388603945,0.20750828087329865,20.41578803099846,0.402426839265748,0.5149729251861572,
vae,gaussian,25,test040.png,21.117618990674426,0.4869412922404224,0.6549046635627747,20.41578803099846,0.402426839265748,0.5149729251861572,
dncnn,gaussian,25,test041.png,27.81715494759157,0.8151478711601686,0.1544581800699234,20.66098584952576,0.4609992883761313,0.508316695690155,
vae,gaussian,25,test041.png,20.816082255581698,0.46314632461442373,0.645707368850708,20.66098584952576,0.4609992883761313,0.508316695690155,
dncnn,gaussian,25,test042.png,29.392911675040207,0.7977192027746586,0.18047304451465607,20.278750645286475,0.34125683953678754,0.6743168830871582,
vae,gaussian,25,test042.png,21.938857872024123,0.5665223133342668,0.6307128667831421,20.278750645286475,0.34125683953678754,0.6743168830871582,
dncnn,gaussian,25,test043.png,30.28140262649929,0.8750965303988285,0.10296154767274857,20.515213114866533,0.40981247443240953,0.6567395329475403,
vae,gaussian,25,test043.png,20.155381903455606,0.5588847989133781,0.5152520537376404,20.515213114866533,0.40981247443240953,0.6567395329475403,
dncnn,gaussian,25,test044.png,27.27790395436575,0.8389917078084416,0.10632194578647614,20.37421145207752,0.47810088249557897,0.5523183941841125,
vae,gaussian,25,test044.png,20.74019223032096,0.40531434752311324,0.6622368693351746,20.37421145207752,0.47810088249557897,0.5523183941841125,
dncnn,gaussian,25,test045.png,33.18896010324014,0.8504248715424,0.18393103778362274,20.220085638889877,0.20348008631528983,0.9262220859527588,
vae,gaussian,25,test045.png,29.295896032932692,0.7337530595468336,0.5341632962226868,20.220085638889877,0.20348008631528983,0.9262220859527588,
dncnn,gaussian,25,test046.png,26.33665079489827,0.7892500810169536,0.13032498955726624,20.380545694479192,0.5683395965569604,0.40055051445961,
vae,gaussian,25,test046.png,18.26111923126675,0.29706251029607744,0.7437860369682312,20.380545694479192,0.5683395965569604,0.40055051445961,
dncnn,gaussian,25,test047.png,26.570159782016297,0.7960909799764131,0.16329741477966309,20.209925539079016,0.5361223151634044,0.4948059618473053,
vae,gaussian,25,test047.png,20.735966348017783,0.31499423376910274,0.7227485775947571,20.209925539079016,0.5361223151634044,0.4948059618473053,
dncnn,gaussian,25,test048.png,29.61042191538108,0.9030678976920613,0.06478843092918396,20.806869511786672,0.4843978728777966,0.5659716129302979,
vae,gaussian,25,test048.png,18.52346227585041,0.5164654412165499,0.5701441168785095,20.806869511786672,0.4843978728777966,0.5659716129302979,
dncnn,gaussian,25,test049.png,31.406385440985865,0.8046312892716829,0.23094968497753143,20.652680639193495,0.2615398425075672,0.74656081199646,
vae,gaussian,25,test049.png,26.90415205630186,0.6828983386636209,0.5397626161575317,20.652680639193495,0.2615398425075672,0.74656081199646,
dncnn,gaussian,25,test050.png,26.85051049330695,0.7882268070597747,0.1848381757736206,20.545810468378104,0.5103765866139995,0.5061922073364258,
vae,gaussian,25,test050.png,20.982036705799455,0.3975861943385538,0.730648398399353,20.545810468378104,0.5103765866139995,0.5061922073364258,
dncnn,gaussian,25,test051.png,28.296095679032867,0.8023417629843815,0.14392177760601044,20.254223756567097,0.44492300090047254,0.5459641814231873,
vae,gaussian,25,test051.png,18.071084181833925,0.4321714941681707,0.7542092800140381,20.254223756567097,0.44492300090047254,0.5459641814231873,
dncnn,gaussian,25,test052.png,31.773276124481672,0.8112159808704827,0.20598599314689636,20.880836755385218,0.26075783654480006,0.7564655542373657,
vae,gaussian,25,test052.png,27.203421030275177,0.6829901080875012,0.5505266189575195,20.880836755385218,0.26075783654480006,0.7564655542373657,
dncnn,gaussian,25,test053.png,30.973760029633365,0.7607496199290157,0.2767331898212433,20.1835649342218,0.24356681522923299,0.8093206882476807,
vae,gaussian,25,test053.png,28.12918688932134,0.6179248430107782,0.5985976457595825,20.1835649342218,0.24356681522923299,0.8093206882476807,
dncnn,gaussian,25,test054.png,29.033685829330192,0.8230950443588303,0.14160114526748657,20.282661297984195,0.4463976075467494,0.5795204639434814,
vae,gaussian,25,test054.png,21.568423917976762,0.4682868602066373,0.6536553502082825,20.282661297984195,0.4463976075467494,0.5795204639434814,
dncnn,gaussian,25,test055.png,27.522222338259752,0.7883798233992673,0.15505725145339966,20.336805584548646,0.4989504619579861,0.5067192316055298,
vae,gaussian,25,test055.png,19.947304781055966,0.382498428776301,0.670896053314209,20.336805584548646,0.4989504619579861,0.5067192316055298,
dncnn,gaussian,25,test056.png,24.00149326467535,0.7930948842219143,0.15216168761253357,20.297365051740286,0.6879273547991428,0.2310340404510498,
vae,gaussian,25,test056.png,18.216268488398555,0.1941324362317159,0.9667456150054932,20.297365051740286,0.6879273547991428,0.2310340404510498,
dncnn,gaussian,25,test057.png,28.250225542672005,0.8157442004521788,0.2027452290058136,20.29388975318362,0.3631470904228101,0.7109193801879883,
vae,gaussian,25,test057.png,23.645537707329765,0.5437061473896718,0.6660147905349731,20.29388975318362,0.3631470904228101,0.7109193801879883,
dncnn,gaussian,25,test058.png,30.826678157733763,0.7802409501083214,0.3053411841392517,20.19698515997848,0.24329653368384702,0.715866208076477,
vae,gaussian,25,test058.png,28.209824847610943,0.6549950605236545,0.6147051453590393,20.19698515997848,0.24329653368384702,0.715866208076477,
dncnn,gaussian,25,test059.png,30.184323141124615,0.774218829810719,0.2173396646976471,20.253156340592962,0.2887752406498992,0.7213146090507507,
vae,gaussian,25,test059.png,26.07478339396838,0.6095337958383343,0.5697242021560669,20.253156340592962,0.2887752406498992,0.7213146090507507,
dncnn,gaussian,25,test060.png,30.86868530929946,0.7879116618424131,0.2530946135520935,20.196323378985017,0.24202900617240475,0.8496458530426025,
vae,gaussian,25,test060.png,27.261921837972313,0.6519380739173354,0.6031102538108826,20.196323378985017,0.24202900617240475,0.8496458530426025,
dncnn,gaussian,25,test061.png,29.963378248788246,0.783938945572179,0.22489118576049805,20.285385254302376,0.28482624128488,0.7380099892616272,
vae,gaussian,25,test061.png,23.824197604839455,0.6088752814996594,0.6401781439781189,20.285385254302376,0.28482624128488,0.7380099892616272,
dncnn,gaussian,25,test062.png,33.25580008263661,0.9206114857240627,0.08774001151323318,21.45477264831132,0.335036877190465,0.6960097551345825,
vae,gaussian,25,test062.png,19.876630046866463,0.692029364713199,0.43348512053489685,21.45477264831132,0.335036877190465,0.6960097551345825,
dncnn,gaussian,25,test063.png,26.464260340621273,0.831787584631465,0.14826412498950958,20.435650864829288,0.5914270195942929,0.42339473962783813,
vae,gaussian,25,test063.png,19.460196392339046,0.31353993518520495,0.6995508074760437,20.435650864829288,0.5914270195942929,0.42339473962783813,
dncnn,gaussian,25,test064.png,26.712143201122522,0.7346850604286966,0.2350764274597168,20.29378562407389,0.5008586790540599,0.4770154058933258,
vae,gaussian,25,test064.png,21.05630641353458,0.34713731396206465,0.7530970573425293,20.29378562407389,0.5008586790540599,0.4770154058933258,
dncnn,gaussian,25,test065.png,28.82236811968992,0.8200796396666601,0.18989717960357666,21.031652677094318,0.40263574076524944,0.5742467045783997,
vae,gaussian,25,test065.png,22.53580648045384,0.5513413419803638,0.6113396883010864,21.031652677094318,0.40263574076524944,0.5742467045783997,
dncnn,gaussian,25,test066.png,37.39455950490533,0.9434890008458717,0.1237078532576561,20.212446125512145,0.13908059455271782,1.0791314840316772,
vae,gaussian,25,test066.png,28.85804655300149,0.8938509035011705,0.3308863639831543,20.212446125512145,0.13908059455271782,1.0791314840316772,
dncnn,gaussian,25,test067.png,24.72564209353994,0.8623973933287034,0.11495020985603333,20.410604014074988,0.7428737983245437,0.22310461103916168,
vae,gaussian,25,test067.png,16.3111481986732,0.24169163579069872,0.7473617792129517,20.410604014074988,0.7428737983245437,0.22310461103916168,
dncnn,gaussian,25,test068.png,26.05413346591901,0.8540722543816818,0.12246428430080414,21.239315989255893,0.5465077046071403,0.3474406898021698,
vae,gaussian,25,test068.png,18.883434286543636,0.4505807244470053,0.6645783185958862,21.239315989255893,0.5465077046071403,0.3474406898021698,
dncnn,poisson,15,test001.png,30.93572506314389,0.9281862447813539,0.02941950410604477,29.106684298380408,0.8998782461812921,0.04130730405449867,1.529962200220325
vae,poisson,15,test001.png,20.105748410329134,0.31810777004106183,0.7255318760871887,29.106684298380408,0.8998782461812921,0.04130730405449867,40.640964900376275
dncnn,poisson,15,test002.png,34.37276546899588,0.9360110872379421,0.04697591811418533,28.061983770826508,0.6392394143370858,0.33060261607170105,
vae,poisson,15,test002.png,23.43320245190734,0.6540164693090691,0.5355673432350159,28.061983770826508,0.6392394143370858,0.33060261607170105,
dncnn,poisson,15,test003.png,33.8189702256675,0.919113979623232,0.09575892984867096,28.244520634774034,0.6548909640754375,0.330448180437088,
vae,poisson,15,test003.png,22.03120041178604,0.6424377090456778,0.6185341477394104,28.244520634774034,0.6548909640754375,0.330448180437088,
dncnn,poisson,15,test004.png,35.25655524818233,0.9394052077431229,0.05367216467857361,29.135101169616178,0.7404621623541379,0.3558543622493744,
vae,poisson,15,test004.png,25.181263383979257,0.6080277114076814,0.5475772619247437,29.135101169616178,0.7404621623541379,0.3558543622493744,
dncnn,poisson,15,test005.png,30.983861577535706,0.913178033210082,0.07533285021781921,26.892091089648527,0.7348061383114622,0.2554779052734375,
vae,poisson,15,test005.png,21.82808506434538,0.4879189000537167,0.6516830921173096,26.892091089648527,0.7348061383114622,0.2554779052734375,
dncnn,poisson,15,test006.png,36.19621049844823,0.9335671326711762,0.08592528104782104,26.95186785427925,0.5266262564475375,0.5253725051879883,
vae,poisson,15,test006.png,27.606767674751342,0.7663688630013995,0.4011654853820801,26.95186785427925,0.5266262564475375,0.5253725051879883,
dncnn,poisson,15,test007.png,33.80273418614748,0.9457036360929484,0.03295186161994934,29.67834714360331,0.8556296106283129,0.14371134340763092,
vae,poisson,15,test007.png,20.964651611579907,0.4235334990114855,0.6649094223976135,29.67834714360331,0.8556296106283129,0.14371134340763092,
dncnn,poisson,15,test008.png,32.117810246209444,0.9427928594646597,0.03651852905750275,30.06215688109694,0.895323057685978,0.07090979069471359,
vae,poisson,15,test008.png,19.62711124373047,0.3226024225054823,0.7438334226608276,30.06215688109694,0.895323057685978,0.07090979069471359,
dncnn,poisson,15,test009.png,34.349300530005486,0.9541298161313847,0.03391052410006523,30.70222620370989,0.8542698375595144,0.18839970231056213,
vae,poisson,15,test009.png,21.639634441311337,0.5341566793950999,0.5963284373283386,30.70222620370989,0.8542698375595144,0.18839970231056213,
dncnn,poisson,15,test010.png,33.99035212679402,0.9233626819911755,0.05695731192827225,28.741402532808358,0.7254710757738366,0.3113105893135071,
vae,poisson,15,test010.png,24.400551685797666,0.5729734101213366,0.5820019245147705,28.741402532808358,0.7254710757738366,0.3113105893135071,
dncnn,poisson,15,test011.png,33.618853215532994,0.9426484620226555,0.02921362593770027,28.58332154090251,0.8269652204710738,0.1386301964521408,
vae,poisson,15,test011.png,18.888480975736545,0.4139125486165331,0.6099218130111694,28.58332154090251,0.8269652204710738,0.1386301964521408,
dncnn,poisson,15,test012.png,32.90397056286983,0.9184360164153944,0.05544261634349823,28.92253365027941,0.8206850540211724,0.13229325413703918,
vae,poisson,15,test012.png,21.991227181197985,0.38819177362475127,0.6999017000198364,28.92253365027941,0.8206850540211724,0.13229325413703918,
dncnn,poisson,15,test013.png,33.53642303647992,0.922257943870828,0.07599270343780518,27.94519057112019,0.7319303302901331,0.323386013507843,
vae,poisson,15,test013.png,24.126717069562037,0.5177018079556946,0.6160246133804321,27.94519057112019,0.7319303302901331,0.323386013507843,
dncnn,poisson,15,test014.png,34.80151508937184,0.9215509577709731,0.09177333116531372,29.17303675406144,0.671526844097359,0.31010448932647705,
vae,poisson,15,test014.png,23.809663719760632,0.6431755293547098,0.5713202357292175,29.17303675406144,0.671526844097359,0.31010448932647705,
dncnn,poisson,15,test015.png,31.980779484756752,0.9278248059992603,0.048800356686115265,29.21598129630864,0.8532033025996328,0.10431424528360367,
vae,poisson,15,test015.png,21.007559188755778,0.44390832169267946,0.6821860671043396,29.21598129630864,0.8532033025996328,0.10431424528360367,
dncnn,poisson,15,test016.png,32.774846404437184,0.9485792350183454,0.027578050270676613,28.558758979637,0.8634739658159322,0.12042702734470367,
vae,poisson,15,test016.png,18.18146301914536,0.36325118246520033,0.6558312177658081,28.558758979637,0.8634739658159322,0.12042702734470367,
dncnn,poisson,15,test017.png,37.52612318350036,0.9396231217009879,0.06296290457248688,30.152864183967353,0.7017287116779719,0.34972861409187317,
vae,poisson,15,test017.png,28.145824005549947,0.741341313024121,0.44823941588401794,30.152864183967353,0.7017287116779719,0.34972861409187317,
dncnn,poisson,15,test018.png,37.568783091259135,0.9392248454018245,0.07306229323148727,29.224733570866892,0.6093882290035262,0.45105430483818054,
vae,poisson,15,test018.png,27.275021776137926,0.7598638514275602,0.44103723764419556,29.224733570866892,0.6093882290035262,0.45105430483818054,
dncnn,poisson,15,test019.png,32.68766511277681,0.9141009816189258,0.04035883769392967,28.331088439287676,0.7412069581996528,0.19863295555114746,
vae,poisson,15,test019.png,21.23327084091798,0.5207386831404529,0.632703423500061,28.331088439287676,0.7412069581996528,0.19863295555114746,
dncnn,poisson,15,test020.png,34.73924653154314,0.9326152138271826,0.04303375259041786,28.424088734324492,0.6556371741064808,0.2906934320926666,
vae,poisson,15,test020.png,20.89237507248702,0.6175718750451017,0.5955871343612671,28.424088734324492,0.6556371741064808,0.2906934320926666,
dncnn,poisson,15,test021.png,31.594798716980506,0.9508838841299664,0.019894180819392204,28.32295247090137,0.8687475940045857,0.07064983248710632,
vae,poisson,15,test021.png,17.364831503478765,0.3504961900929114,0.7069844007492065,28.32295247090137,0.8687475940045857,0.07064983248710632,
dncnn,poisson,15,test022.png,32.03754404957512,0.9411242449568428,0.03309398517012596,29.005614452914813,0.8926929604904594,0.06961716711521149,
vae,poisson,15,test022.png,18.983055737519198,0.3077130783663168,0.6846218705177307,29.005614452914813,0.8926929604904594,0.06961716711521149,
dncnn,poisson,15,test023.png,32.46661026451875,0.9175427145185128,0.05941387638449669,27.020239471427185,0.7044771972924048,0.31540000438690186,
vae,poisson,15,test023.png,21.37588005513985,0.5022099735796044,0.6288172006607056,27.020239471427185,0.7044771972924048,0.31540000438690186,
dncnn,poisson,15,test024.png,33.261938915912836,0.9484224956734736,0.034469883888959885,29.279302154143252,0.8681700590353463,0.13123688101768494,
vae,poisson,15,test024.png,20.74678559279654,0.5190556171918199,0.5404161214828491,29.279302154143252,0.8681700590353463,0.13123688101768494,
dncnn,poisson,15,test025.png,33.72390543331998,0.9564032057401232,0.049832772463560104,29.206753424139514,0.715063219982779,0.34097227454185486,
vae,poisson,15,test025.png,21.597698085451032,0.6580769157850416,0.4863952696323395,29.206753424139514,0.715063219982779,0.34097227454185486,
dncnn,poisson,15,test026.png,32.481982410554345,0.9145920823333457,0.05131988972425461,28.568628690326314,0.8023958850940666,0.1672295331954956,
vae,poisson,15,test026.png,22.484636350888984,0.49441748138598873,0.6076359152793884,28.568628690326314,0.8023958850940666,0.1672295331954956,
dncnn,poisson,15,test027.png,34.61472628861265,0.9232199111311458,0.06964508444070816,29.465684331502324,0.7473275578359614,0.28259479999542236,
vae,poisson,15,test027.png,24.37724352501007,0.5851042950360203,0.571424663066864,29.465684331502324,0.7473275578359614,0.28259479999542236,
dncnn,poisson,15,test028.png,38.87953153176953,0.9587115232970382,0.03251347318291664,30.962148004527364,0.7448614972729233,0.2213415950536728,
vae,poisson,15,test028.png,25.66729066562127,0.7736691778893439,0.5187528729438782,30.962148004527364,0.7448614972729233,0.2213415950536728,
dncnn,poisson,15,test029.png,30.091809247355684,0.9508859251069345,0.032660696655511856,28.625568847484182,0.8874142420967122,0.0841064602136612,
vae,poisson,15,test029.png,16.65987687184232,0.3044760532517296,0.8121090531349182,28.625568847484182,0.8874142420967122,0.0841064602136612,
dncnn,poisson,15,test030.png,33.92009023916975,0.9073107836081171,0.07229290157556534,27.993172414224027,0.6999373828098987,0.3063192665576935,
vae,poisson,15,test030.png,24.120635708040197,0.5285949045730777,0.5963700413703918,27.993172414224027,0.6999373828098987,0.3063192665576935,
dncnn,poisson,15,test031.png,30.17077434783125,0.949205546056816,0.026954278349876404,28.69971098955707,0.933014222908737,0.037155766040086746,
vae,poisson,15,test031.png,17.989290737096866,0.16898326463282656,0.8641289472579956,28.69971098955707,0.933014222908737,0.037155766040086746,
dncnn,poisson,15,test032.png,31.48408299890645,0.9418655462611588,0.04098862037062645,28.353547435192887,0.8882028581568273,0.13150335848331451,
vae,poisson,15,test032.png,19.76511501207262,0.2840607873151832,0.7087685465812683,28.353547435192887,0.8882028581568273,0.13150335848331451,
dncnn,poisson,15,test033.png,32.36967308439381,0.9422167212287884,0.0809631273150444,27.713268847990822,0.6810481584851903,0.2901481091976166,
vae,poisson,15,test033.png,20.064147070128403,0.5627951053375275,0.5415794849395752,27.713268847990822,0.6810481584851903,0.2901481091976166,
dncnn,poisson,15,test034.png,35.766801104947405,0.9030115888027122,0.11001814901828766,27.65625614216183,0.5910684759832963,0.35197556018829346,
vae,poisson,15,test034.png,26.51565951988314,0.7398840110111139,0.4460456073284149,27.65625614216183,0.5910684759832963,0.35197556018829346,
dncnn,poisson,15,test035.png,32.89273218054029,0.9328377887945725,0.044320277869701385,29.54573055077361,0.818166068906075,0.13547775149345398,
vae,poisson,15,test035.png,21.530475512164926,0.48786653379491174,0.6529406905174255,29.54573055077361,0.818166068906075,0.13547775149345398,
dncnn,poisson,15,test036.png,30.55660939124024,0.7922393571936098,0.18613338470458984,27.534118639150652,0.7196597159341065,0.11995911598205566,
vae,poisson,15,test036.png,25.153654205409246,0.35914499786276877,0.906309187412262,27.534118639150652,0.7196597159341065,0.11995911598205566,
dncnn,poisson,15,test037.png,32.99415481348467,0.9100160381600771,0.05906245857477188,27.6861710770835,0.6868334849612755,0.2677406668663025,
vae,poisson,15,test037.png,23.565966941553796,0.525799516061256,0.5929256081581116,27.6861710770835,0.6868334849612755,0.2677406668663025,
dncnn,poisson,15,test038.png,33.75504067808245,0.9257392964426836,0.04635276645421982,29.31159683936061,0.8010267343315962,0.1933271735906601,
vae,poisson,15,test038.png,23.712308728758824,0.46511762325094835,0.6489191651344299,29.31159683936061,0.8010267343315962,0.1933271735906601,
dncnn,poisson,15,test039.png,36.17806361478702,0.9447283215658209,0.037658076733350754,28.46336418948922,0.6829908702665304,0.42048805952072144,
vae,poisson,15,test039.png,24.132228192330114,0.6453918814000389,0.5253127217292786,28.46336418948922,0.6829908702665304,0.42048805952072144,
dncnn,poisson,15,test040.png,32.79653462187802,0.8776857599736057,0.09189313650131226,28.157600101905345,0.7266206462130311,0.17144015431404114,
vae,poisson,15,test040.png,21.36870149173269,0.4981860360298025,0.6354711055755615,28.157600101905345,0.7266206462130311,0.17144015431404114,
dncnn,poisson,15,test041.png,33.03804542818684,0.9426712442165429,0.029715722426772118,29.458320218409007,0.8225116713577842,0.13419218361377716,
vae,poisson,15,test041.png,20.992651290591517,0.48074170021594553,0.6336926221847534,29.458320218409007,0.8225116713577842,0.13419218361377716,
dncnn,poisson,15,test042.png,33.75545669603856,0.9069763307125248,0.061999619007110596,28.405840899247025,0.6866249592495443,0.2690555155277252,
vae,poisson,15,test042.png,22.12310457191606,0.5751300645605434,0.6223176717758179,28.405840899247025,0.6866249592495443,0.2690555155277252,
dncnn,poisson,15,test043.png,34.851304601843665,0.9533876067737589,0.02942488342523575,29.34051655160069,0.7870299042326864,0.2518173158168793,
vae,poisson,15,test043.png,20.46996671999328,0.5755430504538795,0.4979848265647888,29.34051655160069,0.7870299042326864,0.2518173158168793,
dncnn,poisson,15,test044.png,32.35167845839833,0.9377927326586412,0.03486395999789238,27.640283318233788,0.7374349637837737,0.26311877369880676,
vae,poisson,15,test044.png,20.9032101995166,0.41829646801410764,0.6443854570388794,27.640283318233788,0.7374349637837737,0.26311877369880676,
dncnn,poisson,15,test045.png,36.108038279910886,0.9092138585301369,0.09859639406204224,28.192784384450455,0.5538611770367363,0.45225849747657776,
vae,poisson,15,test045.png,29.57895234206879,0.7415567943213598,0.509448230266571,28.192784384450455,0.5538611770367363,0.45225849747657776,
dncnn,poisson,15,test046.png,30.96286193682342,0.916574569241644,0.035860687494277954,28.118214419495754,0.851384243938658,0.07894551753997803,
vae,poisson,15,test046.png,18.411974892226073,0.30918555322020924,0.7307668924331665,28.118214419495754,0.851384243938658,0.07894551753997803,
dncnn,poisson,15,test047.png,31.306570920439004,0.9279621506267124,0.047418784350156784,28.295066041692017,0.8588154600837774,0.15083539485931396,
vae,poisson,15,test047.png,20.868773235776604,0.32606323929032116,0.7108293771743774,28.295066041692017,0.8588154600837774,0.15083539485931396,
dncnn,poisson,15,test048.png,33.67514965628026,0.9556125905195075,0.025234142318367958,28.469941637078158,0.7878423619934093,0.22664107382297516,
vae,poisson,15,test048.png,18.773264398574014,0.5330302254076748,0.5495155453681946,28.469941637078158,0.7878423619934093,0.22664107382297516,
dncnn,poisson,15,test049.png,34.989201501301956,0.9007498866717021,0.08364808559417725,28.3590262817288,0.6226029406659486,0.3211759924888611,
vae,poisson,15,test049.png,27.10889234816814,0.6910567284326051,0.5317715406417847,28.3590262817288,0.6226029406659486,0.3211759924888611,
dncnn,poisson,15,test050.png,30.533628818540237,0.8976619286590949,0.07008179277181625,27.08644752756146,0.7750653058501612,0.1965055763721466,
vae,poisson,15,test050.png,21.11385540682427,0.4069558890220687,0.7161489129066467,27.08644752756146,0.7750653058501612,0.1965055763721466,
dncnn,poisson,15,test051.png,32.460463222666824,0.915967636717292,0.05070725083351135,28.314813287806174,0.7665091994610447,0.1949743777513504,
vae,poisson,15,test051.png,18.207880585398733,0.4442015218664816,0.7380629777908325,28.314813287806174,0.7665091994610447,0.1949743777513504,
dncnn,poisson,15,test052.png,34.610826809039025,0.8850479189758014,0.10999520868062973,27.06331941124986,0.5416154187201159,0.4411593973636627,
vae,poisson,15,test052.png,27.307915678000935,0.6883125518061469,0.5449548959732056,27.06331941124986,0.5416154187201159,0.4411593973636627,
dncnn,poisson,15,test053.png,33.47046050222354,0.8457646653128348,0.15705978870391846,26.656265490593498,0.5451770133994576,0.4581478238105774,
vae,poisson,15,test053.png,28.362611501387782,0.6274736589442971,0.576153039932251,26.656265490593498,0.5451770133994576,0.4581478238105774,
dncnn,poisson,15,test054.png,32.64980316997092,0.906997872632249,0.04918954521417618,27.448850896590127,0.7429993570996705,0.19924843311309814,
vae,poisson,15,test054.png,21.789515596985296,0.4814413036311816,0.633842945098877,27.448850896590127,0.7429993570996705,0.19924843311309814,
dncnn,poisson,15,test055.png,32.643432264017996,0.9351254002488247,0.030271606519818306,29.492467593562978,0.862929267553359,0.09069336950778961,
vae,poisson,15,test055.png,20.193362719983266,0.39655206706576196,0.6522049307823181,29.492467593562978,0.862929267553359,0.09069336950778961,
dncnn,poisson,15,test056.png,28.608541378479572,0.9291977147570031,0.04516409710049629,27.176218099128345,0.9052600356855289,0.05920558422803879,
vae,poisson,15,test056.png,18.334511049080287,0.2039407595921572,0.9464361071586609,27.176218099128345,0.9052600356855289,0.05920558422803879,
dncnn,poisson,15,test057.png,33.463191204402804,0.9380750808124255,0.0563381090760231,29.396544312478817,0.7302626356411299,0.2808316648006439,
vae,poisson,15,test057.png,23.830548605389463,0.5531913201181708,0.6400123834609985,29.396544312478817,0.7302626356411299,0.2808316648006439,
dncnn,poisson,15,test058.png,33.90676857772017,0.8706706236374806,0.13762986660003662,27.49570249109716,0.5695565032365427,0.34276074171066284,
vae,poisson,15,test058.png,28.420902962191185,0.662898283995594,0.6121151447296143,27.49570249109716,0.5695565032365427,0.34276074171066284,
dncnn,poisson,15,test059.png,34.10378218285086,0.8936497207329287,0.08006159961223602,28.709550257662244,0.6754196162931901,0.26630768179893494,
vae,poisson,15,test059.png,26.396977537796957,0.6190387397938794,0.5491580367088318,28.709550257662244,0.6754196162931901,0.26630768179893494,
dncnn,poisson,15,test060.png,34.43865591836989,0.8842712277386123,0.10989484190940857,28.51701637717997,0.6103234666838881,0.40120556950569153,
vae,poisson,15,test060.png,27.567161689188847,0.6623117586276599,0.5676308870315552,28.51701637717997,0.6103234666838881,0.40120556950569153,
dncnn,poisson,15,test061.png,34.08770063588933,0.8975727015645084,0.07460643351078033,29.25625401884143,0.683864840867127,0.265174001455307,
vae,poisson,15,test061.png,24.077946918943724,0.6205146099060916,0.6146942377090454,29.25625401884143,0.683864840867127,0.265174001455307,
dncnn,poisson,15,test062.png,37.69181024304942,0.9679175079046136,0.02633652836084366,31.18786796071727,0.8378796146785407,0.2120162695646286,
vae,poisson,15,test062.png,20.104977151330452,0.7303011542609151,0.42253929376602173,31.18786796071727,0.8378796146785407,0.2120162695646286,
dncnn,poisson,15,test063.png,31.71994875657392,0.9534779918757497,0.04101218283176422,28.88291554108175,0.9064086844202072,0.1341926008462906,
vae,poisson,15,test063.png,19.621283239093195,0.32771585590211405,0.6917358636856079,28.88291554108175,0.9064086844202072,0.1341926008462906,
dncnn,poisson,15,test064.png,30.96099079137496,0.9011161564414264,0.055596765130758286,28.37886297632398,0.8492088555986919,0.09569454193115234,
vae,poisson,15,test064.png,21.29449446506639,0.363093835596853,0.7318456172943115,28.37886297632398,0.8492088555986919,0.09569454193115234,
dncnn,poisson,15,test065.png,33.794244813853716,0.9397386036803549,0.04636044427752495,30.16191068273158,0.862481554118115,0.11690502613782883,
vae,poisson,15,test065.png,22.880706931361267,0.5692370507655319,0.5980062484741211,30.16191068273158,0.862481554118115,0.11690502613782883,
dncnn,poisson,15,test066.png,40.49866852934284,0.9502978383198118,0.12605410814285278,27.95466127921031,0.4292953772026993,0.7135722637176514,
vae,poisson,15,test066.png,29.69361498870409,0.9057897126441312,0.2678888440132141,27.95466127921031,0.4292953772026993,0.7135722637176514,
dncnn,poisson,15,test067.png,29.83427117654426,0.9591642713247983,0.027203714475035667,28.1796376599104,0.9415243598371121,0.0375974103808403,
vae,poisson,15,test067.png,16.47315663065061,0.2564797980455413,0.7313645482063293,28.1796376599104,0.9415243598371121,0.0375974103808403,
dncnn,poisson,15,test068.png,32.26715292590593,0.9648715369906541,0.021237101405858994,28.82494094165885,0.7846659357605522,0.16047564148902893,
vae,poisson,15,test068.png,19.017482120226173,0.45871924312748513,0.6660987138748169,28.82494094165885,0.7846659357605522,0.16047564148902893,
dncnn,poisson,25,test001.png,27.829479267032227,0.8543825926555004,0.07768461108207703,24.68682866772759,0.7844930223791907,0.1185588613152504,1.489587399555603
vae,poisson,25,test001.png,19.987780596284402,0.30958479969341607,0.7329005599021912,24.68682866772759,0.7844930223791907,0.1185588613152504,40.83249580035044
dncnn,poisson,25,test002.png,31.37059941909488,0.8914833042016105,0.08728347718715668,23.68544644311431,0.4607084229756069,0.5174076557159424,
vae,poisson,25,test002.png,23.149541615830096,0.641843667277821,0.5576728582382202,23.68544644311431,0.4607084229756069,0.5174076557159424,
dncnn,poisson,25,test003.png,30.999608799505957,0.8743585388066376,0.15648716688156128,23.85469512241069,0.4766780476067254,0.5384694933891296,
vae,poisson,25,test003.png,21.87930583466024,0.6330331142115541,0.6216446757316589,23.85469512241069,0.4766780476067254,0.5384694933891296,
dncnn,poisson,25,test004.png,32.44040205813522,0.8928576477789939,0.1211010068655014,24.73647446231005,0.5486260525464689,0.5543496012687683,
vae,poisson,25,test004.png,24.886720740529363,0.5941212695475536,0.5601531863212585,24.73647446231005,0.5486260525464689,0.5543496012687683,
dncnn,poisson,25,test005.png,28.106277168450752,0.8411264503573813,0.1524016261100769,22.61314417404101,0.5619105869926101,0.4481291174888611,
vae,poisson,25,test005.png,21.599584626088685,0.4783264995814151,0.6543676257133484,22.61314417404101,0.5619105869926101,0.4481291174888611,
dncnn,poisson,25,test006.png,33.15594592420957,0.8725021211148902,0.20574061572551727,22.71425187857257,0.3439879107522063,0.7479685544967651,
vae,poisson,25,test006.png,27.076831142460446,0.7525162990737586,0.3959844410419464,22.71425187857257,0.3439879107522063,0.7479685544967651,
dncnn,poisson,25,test007.png,30.797456254673623,0.8965050532200383,0.06533348560333252,25.276342503158872,0.7098908684710811,0.29258179664611816,
vae,poisson,25,test007.png,20.741862217837085,0.40960526086213656,0.6750848293304443,25.276342503158872,0.7098908684710811,0.29258179664611816,
dncnn,poisson,25,test008.png,28.84559274584887,0.8842737781636996,0.08563131839036942,25.700299111664346,0.7743746680748294,0.19585688412189484,
vae,poisson,25,test008.png,19.523924497581802,0.3146193923112543,0.7548924684524536,25.700299111664346,0.7743746680748294,0.19585688412189484,
dncnn,poisson,25,test009.png,31.2518342254514,0.9088606980249299,0.07710786908864975,26.292210729403827,0.7020523229795091,0.3301237225532532,
vae,poisson,25,test009.png,21.391328747458157,0.5225882601387611,0.6105396747589111,26.292210729403827,0.7020523229795091,0.3301237225532532,
dncnn,poisson,25,test010.png,31.338808205981596,0.868336241442458,0.11449174582958221,24.363063853364704,0.5304931162543464,0.5160278677940369,
vae,poisson,25,test010.png,24.1390472157006,0.5609439179399061,0.5914813876152039,24.363063853364704,0.5304931162543464,0.5160278677940369,
dncnn,poisson,25,test011.png,30.611700708838825,0.9035989804173272,0.05437035486102104,24.172202032092528,0.7091616607440749,0.2784682810306549,
vae,poisson,25,test011.png,18.763985582967017,0.4051264394201723,0.6164477467536926,24.172202032092528,0.7091616607440749,0.2784682810306549,
dncnn,poisson,25,test012.png,30.14585029822583,0.8578670786616198,0.10427586734294891,24.48959572774075,0.654500855507508,0.3151022791862488,
vae,poisson,25,test012.png,21.837337925871463,0.37795318874053085,0.7079011797904968,24.48959572774075,0.654500855507508,0.3151022791862488,
dncnn,poisson,25,test013.png,30.90075068367053,0.8671983566244343,0.14734883606433868,23.543508357031392,0.5445960223763969,0.5129039287567139,
vae,poisson,25,test013.png,23.870615763935596,0.5046725929414436,0.6192928552627563,23.543508357031392,0.5445960223763969,0.5129039287567139,
dncnn,poisson,25,test014.png,32.10094163114342,0.8720802286460984,0.1418655514717102,24.78320903045644,0.4859041119822135,0.5088603496551514,
vae,poisson,25,test014.png,23.473379578661444,0.635113027471704,0.5623616576194763,24.78320903045644,0.4859041119822135,0.5088603496551514,
dncnn,poisson,25,test015.png,28.936588462457514,0.8656439316669104,0.08990412950515747,24.840353590090274,0.6999468643496758,0.2581918239593506,
vae,poisson,25,test015.png,20.817596260468065,0.4357722099969302,0.6887509226799011,24.840353590090274,0.6999468643496758,0.2581918239593506,
dncnn,poisson,25,test016.png,29.702554034679064,0.906184704204749,0.0603974312543869,24.166100446526293,0.7443140096068258,0.2514711916446686,
vae,poisson,25,test016.png,17.968074977144536,0.3471279351324792,0.6737256050109863,24.166100446526293,0.7443140096068258,0.2514711916446686,
dncnn,poisson,25,test017.png,34.91448065640884,0.8981759972387089,0.12051207572221756,25.694977125829595,0.5192400955381486,0.5545851588249207,
vae,poisson,25,test017.png,27.852046547315744,0.7325006081473109,0.46036362648010254,25.694977125829595,0.5192400955381486,0.5545851588249207,
dncnn,poisson,25,test018.png,34.98626393461838,0.9046577123639578,0.12127333134412766,24.761813866059473,0.412625973431532,0.6527668833732605,
vae,poisson,25,test018.png,27.075415960377285,0.7521441456291698,0.4437852203845978,24.761813866059473,0.412625973431532,0.6527668833732605,
dncnn,poisson,25,test019.png,29.68853778198575,0.8473567201557415,0.0894419327378273,24.027057993409024,0.5760298492356064,0.3626810312271118,
vae,poisson,25,test019.png,21.068016845376793,0.51238669212961,0.6385366916656494,24.027057993409024,0.5760298492356064,0.3626810312271118,
dncnn,poisson,25,test020.png,31.514219229742576,0.8913888742989466,0.07093675434589386,24.037069720713596,0.5093637198524639,0.4646173417568207,
vae,poisson,25,test020.png,20.70271863171865,0.6097512183346555,0.5906065702438354,24.037069720713596,0.5093637198524639,0.4646173417568207,
dncnn,poisson,25,test021.png,28.410414168559647,0.9120439302339689,0.04303586855530739,24.12614772469354,0.7750942024849573,0.16470175981521606,
vae,poisson,25,test021.png,17.25188325790819,0.3396595460012681,0.7161092758178711,24.12614772469354,0.7750942024849573,0.16470175981521606,
dncnn,poisson,25,test022.png,29.107819287532614,0.8913056307014268,0.06536521762609482,24.628709799649812,0.7826782034979005,0.17414526641368866,
vae,poisson,25,test022.png,18.87361214312799,0.2995918519969835,0.6917822360992432,24.628709799649812,0.7826782034979005,0.17414526641368866,
dncnn,poisson,25,test023.png,29.653623886528454,0.8603843756050693,0.12149988859891891,22.72143355667072,0.5372369379070693,0.5264933705329895,
vae,poisson,25,test023.png,21.12699171540249,0.4906497744398571,0.6413856744766235,22.72143355667072,0.5372369379070693,0.5264933705329895,
dncnn,poisson,25,test024.png,30.46015083751025,0.9093367068072409,0.069055937230587,24.97723926752515,0.7386824757231123,0.28164517879486084,
vae,poisson,25,test024.png,20.507907097501914,0.5061509502242119,0.5532135963439941,24.97723926752515,0.7386824757231123,0.28164517879486084,
dncnn,poisson,25,test025.png,30.761025764059838,0.9189186090120397,0.11156541109085083,24.798915407749973,0.531812998782971,0.522679328918457,
vae,poisson,25,test025.png,21.38670247038459,0.6494767782378983,0.5012391805648804,24.798915407749973,0.531812998782971,0.522679328918457,
dncnn,poisson,25,test026.png,29.752582669206063,0.850177563690203,0.09843713045120239,24.16420149503207,0.6285935645250101,0.3597075045108795,
vae,poisson,25,test026.png,22.222252590978115,0.48424568334782037,0.6175804138183594,24.16420149503207,0.6285935645250101,0.3597075045108795,
dncnn,poisson,25,test027.png,31.958817074290163,0.8742175991539171,0.12150969356298447,25.00114962844592,0.5566936852141107,0.5086528658866882,
vae,poisson,25,test027.png,24.211795944314037,0.5753521946030292,0.5773524045944214,25.00114962844592,0.5566936852141107,0.5086528658866882,
dncnn,poisson,25,test028.png,35.0366102861384,0.9223744751874268,0.06983818113803864,26.619286571489262,0.5862190296831685,0.3531966507434845,
vae,poisson,25,test028.png,25.24916186232582,0.7649546514758754,0.5272986888885498,26.619286571489262,0.5862190296831685,0.3531966507434845,
dncnn,poisson,25,test029.png,26.663374285934893,0.8978221059964913,0.08294591307640076,24.231225930554935,0.7853868056114455,0.1586534082889557,
vae,poisson,25,test029.png,16.5742613137821,0.2979440086851145,0.8200126886367798,24.231225930554935,0.7853868056114455,0.1586534082889557,
dncnn,poisson,25,test030.png,31.245583447281472,0.8430509815614424,0.12436477839946747,23.518206922711812,0.4986150936916464,0.5462318658828735,
vae,poisson,25,test030.png,23.918775433666475,0.5169040354414706,0.6048263907432556,23.518206922711812,0.4986150936916464,0.5462318658828735,
dncnn,poisson,25,test031.png,26.909685027047914,0.8947578344376962,0.061851512640714645,24.286699830347285,0.8471504087446128,0.11408346891403198,
vae,poisson,25,test031.png,17.93133837174524,0.16085701122367338,0.8718975186347961,24.286699830347285,0.8471504087446128,0.11408346891403198,
dncnn,poisson,25,test032.png,28.536256229845076,0.8895657652766882,0.08877795934677124,23.8925254060956,0.760545571518522,0.25863462686538696,
vae,poisson,25,test032.png,19.592821441999245,0.2692619004136036,0.7218955755233765,23.8925254060956,0.760545571518522,0.25863462686538696,
dncnn,poisson,25,test033.png,29.244726636700996,0.901230096212007,0.12531955540180206,23.33633549562704,0.5444997993894388,0.39985522627830505,
vae,poisson,25,test033.png,19.951504013505254,0.555546377936287,0.5326362252235413,23.33633549562704,0.5444997993894388,0.39985522627830505,
dncnn,poisson,25,test034.png,33.29434823701722,0.8373406817109363,0.1926078349351883,23.549449841301634,0.4042733630461956,0.5360601544380188,
vae,poisson,25,test034.png,26.182019779330158,0.7282074460016934,0.45777738094329834,23.549449841301634,0.4042733630461956,0.5360601544380188,
dncnn,poisson,25,test035.png,30.03088841585791,0.8765262776592322,0.10044646263122559,25.170016022217908,0.6609482817265921,0.2847467064857483,
vae,poisson,25,test035.png,21.369271091274275,0.47925283387101547,0.6593554019927979,25.170016022217908,0.6609482817265921,0.2847467064857483,
dncnn,poisson,25,test036.png,28.344032141015802,0.6402500720601731,0.3829241693019867,23.128795012270444,0.5016137993392926,0.22830280661582947,
vae,poisson,25,test036.png,25.043694821917434,0.3566581286318909,0.9027295112609863,23.128795012270444,0.5016137993392926,0.22830280661582947,
dncnn,poisson,25,test037.png,30.28910388401894,0.8406889831938142,0.11289636790752411,23.371351826232384,0.5324254411194876,0.4113590717315674,
vae,poisson,25,test037.png,23.33456316680893,0.5167432710668183,0.5826509594917297,23.371351826232384,0.5324254411194876,0.4113590717315674,
dncnn,poisson,25,test038.png,30.92397625083454,0.865445773139235,0.10496015846729279,24.945741173889466,0.6313657662320942,0.39229995012283325,
vae,poisson,25,test038.png,23.557272357619258,0.4578637004258475,0.6524500250816345,24.945741173889466,0.6313657662320942,0.39229995012283325,
dncnn,poisson,25,test039.png,33.46287410514323,0.9071979851866127,0.0849994346499443,24.058014056246776,0.48323104497075936,0.6676584482192993,
vae,poisson,25,test039.png,23.663884590424754,0.6264501145058362,0.5551267862319946,24.058014056246776,0.48323104497075936,0.6676584482192993,
dncnn,poisson,25,test040.png,30.307511646206322,0.8144901396311016,0.1468774825334549,23.787458415806157,0.5482383604880575,0.3423638939857483,
vae,poisson,25,test040.png,21.1132163617755,0.486791832928041,0.6349349021911621,23.787458415806157,0.5482383604880575,0.3423638939857483,
dncnn,poisson,25,test041.png,29.994076204767683,0.8894389955619025,0.06807729601860046,25.10596049625386,0.6902078699475791,0.2511773109436035,
vae,poisson,25,test041.png,20.862992695614487,0.471965003560279,0.637832760810852,25.10596049625386,0.6902078699475791,0.2511773109436035,
dncnn,poisson,25,test042.png,30.990829698534288,0.8461249076278387,0.12680917978286743,24.026823625038595,0.5158754238018114,0.44951021671295166,
vae,poisson,25,test042.png,21.970454784966044,0.5696840681879636,0.617377758026123,24.026823625038595,0.5158754238018114,0.44951021671295166,
dncnn,poisson,25,test043.png,31.908059896941012,0.9155713620882983,0.06998147815465927,24.96428891623745,0.6271790517372147,0.4230612516403198,
vae,poisson,25,test043.png,20.194178764007916,0.5602532707028832,0.5047995448112488,24.96428891623745,0.6271790517372147,0.4230612516403198,
dncnn,poisson,25,test044.png,29.235215187734447,0.8863549760945558,0.07218774408102036,23.25679833538151,0.6107472777551565,0.4024891257286072,
vae,poisson,25,test044.png,20.747388259451917,0.4070025235044689,0.6425091624259949,23.25679833538151,0.6107472777551565,0.4024891257286072,
dncnn,poisson,25,test045.png,33.825684059682395,0.855797136058186,0.18045848608016968,23.772201907910308,0.3440461076958013,0.7118046283721924,
vae,poisson,25,test045.png,29.242404723232056,0.7358577585560705,0.5092076063156128,23.772201907910308,0.3440461076958013,0.7118046283721924,
dncnn,poisson,25,test046.png,28.00439436211942,0.8509222941571908,0.07795634865760803,23.781403294645163,0.7172844824366289,0.20431631803512573,
vae,poisson,25,test046.png,18.24815047431197,0.29744089149418057,0.7419792413711548,23.781403294645163,0.7172844824366289,0.20431631803512573,
dncnn,poisson,25,test047.png,28.37290781481554,0.8630168655265245,0.10773341357707977,23.853795398929346,0.7100708326951802,0.29108402132987976,
vae,poisson,25,test047.png,20.738485314791333,0.3164551985790056,0.7181788086891174,23.853795398929346,0.7100708326951802,0.29108402132987976,
dncnn,poisson,25,test048.png,30.518148292048366,0.9180625951047131,0.05721122771501541,24.202895648843253,0.6400092993913185,0.3713988661766052,
vae,poisson,25,test048.png,18.498965869632837,0.5175503477085385,0.5702335834503174,24.202895648843253,0.6400092993913185,0.3713988661766052,
dncnn,poisson,25,test049.png,32.33226001967014,0.8423766884443256,0.15365740656852722,23.91935139351461,0.4247107545598881,0.532687783241272,
vae,poisson,25,test049.png,26.766869891100047,0.6842489827871949,0.5370535850524902,23.91935139351461,0.4247107545598881,0.532687783241272,
dncnn,poisson,25,test050.png,27.78457763882228,0.8164843821323406,0.14229227602481842,22.807044862884005,0.610833932207653,0.3735705316066742,
vae,poisson,25,test050.png,20.957124881539777,0.3981606528401204,0.7186946868896484,22.807044862884005,0.610833932207653,0.3735705316066742,
dncnn,poisson,25,test051.png,29.625452618593563,0.8498268351859616,0.11142853647470474,23.88318353836784,0.5946861837204537,0.3449782431125641,
vae,poisson,25,test051.png,18.070818977433206,0.4346372941040089,0.7430013418197632,23.88318353836784,0.5946861837204537,0.3449782431125641,
dncnn,poisson,25,test052.png,32.098031992971926,0.8180530923905727,0.1863318383693695,22.786768896341783,0.3398650025452706,0.6618673205375671,
vae,poisson,25,test052.png,27.01480700878019,0.6815948962653046,0.5326582193374634,22.786768896341783,0.3398650025452706,0.6618673205375671,
dncnn,poisson,25,test053.png,31.448871666524738,0.773079846076798,0.2407192885875702,22.23106127805712,0.32930667378626366,0.6957812905311584,
vae,poisson,25,test053.png,27.970758825374617,0.6196652184185304,0.5649709105491638,22.23106127805712,0.32930667378626366,0.6957812905311584,
dncnn,poisson,25,test054.png,30.009260362517907,0.8509435292609852,0.09397226572036743,23.129718383424944,0.5767651676090023,0.40217190980911255,
vae,poisson,25,test054.png,21.548657078097506,0.47002428256763124,0.6520224213600159,23.129718383424944,0.5767651676090023,0.40217190980911255,
dncnn,poisson,25,test055.png,29.61071300608407,0.8763386737252636,0.06511345505714417,25.078592593134573,0.7237960172418004,0.23262640833854675,
vae,poisson,25,test055.png,19.936631975006062,0.38300962696938107,0.674746036529541,25.078592593134573,0.7237960172418004,0.23262640833854675,
dncnn,poisson,25,test056.png,25.390199189823768,0.8500537383094268,0.1113118901848793,22.82464205697189,0.7904285931292557,0.1416843831539154,
vae,poisson,25,test056.png,18.217331609439565,0.19675594554912137,0.952559232711792,22.82464205697189,0.7904285931292557,0.1416843831539154,
dncnn,poisson,25,test057.png,30.451521573951453,0.8795183275249867,0.13066081702709198,24.887620304861976,0.561958438539694,0.4591432213783264,
vae,poisson,25,test057.png,23.68411070014909,0.5470495415337512,0.6496250629425049,24.887620304861976,0.561958438539694,0.4591432213783264,
dncnn,poisson,25,test058.png,31.761968276056262,0.8089112273471596,0.20251469314098358,23.044618849257603,0.36746231485547226,0.556444525718689,
vae,poisson,25,test058.png,28.127274537658348,0.6567445724414533,0.5798767805099487,23.044618849257603,0.36746231485547226,0.556444525718689,
dncnn,poisson,25,test059.png,31.690639823942448,0.8267701496560074,0.15448439121246338,24.308261913098278,0.485678471999509,0.45671460032463074,
vae,poisson,25,test059.png,26.07800039055531,0.6112664781188478,0.5619837641716003,24.308261913098278,0.485678471999509,0.45671460032463074,
dncnn,poisson,25,test060.png,32.204631024560356,0.8225578365994177,0.19494032859802246,24.07542956052098,0.3974896737135567,0.6449870467185974,
vae,poisson,25,test060.png,27.27790597795666,0.6530649457841096,0.5686954259872437,24.07542956052098,0.3974896737135567,0.6449870467185974,
dncnn,poisson,25,test061.png,31.5050966192852,0.8321664381134779,0.14606060087680817,24.841124628918294,0.4813019235135619,0.47322511672973633,
vae,poisson,25,test061.png,23.874355599952732,0.6129504908601207,0.6272117495536804,24.841124628918294,0.4813019235135619,0.47322511672973633,
dncnn,poisson,25,test062.png,34.85897981038269,0.9466075829995505,0.06262502074241638,26.78246063722616,0.699086333087372,0.3857046365737915,
vae,poisson,25,test062.png,19.93029932370273,0.7203344813695657,0.43318867683410645,26.78246063722616,0.699086333087372,0.3857046365737915,
dncnn,poisson,25,test063.png,28.53437561499758,0.90502449210684,0.08679087460041046,24.487103883429153,0.7907448658520915,0.2321980595588684,
vae,poisson,25,test063.png,19.482958088030117,0.315001453141613,0.6943889260292053,24.487103883429153,0.7907448658520915,0.2321980595588684,
dncnn,poisson,25,test064.png,28.258962361151024,0.8174223895882604,0.12370601296424866,24.005220808538628,0.6922646200730338,0.25200778245925903,
vae,poisson,25,test064.png,21.072171466522875,0.3496015249244229,0.7410588264465332,24.005220808538628,0.6922646200730338,0.25200778245925903,
dncnn,poisson,25,test065.png,30.985795588135517,0.8930125758675804,0.08566056191921234,25.766161053176177,0.7270019097674324,0.27348792552948,
vae,poisson,25,test065.png,22.611123757411704,0.5627746258443173,0.6126980185508728,25.766161053176177,0.7270019097674324,0.27348792552948,
dncnn,poisson,25,test066.png,37.93010727360402,0.9247155809828711,0.17130973935127258,23.50732916511138,0.23932850005490738,0.9386368989944458,
vae,poisson,25,test066.png,29.06314354181392,0.8966882704188345,0.24552302062511444,23.50732916511138,0.23932850005490738,0.9386368989944458,
dncnn,poisson,25,test067.png,26.64592009099718,0.9176868681425638,0.054077036678791046,23.84914834707288,0.8652120489395452,0.1052497923374176,
vae,poisson,25,test067.png,16.339773618239267,0.2442493135625286,0.732871949672699,23.84914834707288,0.8652120489395452,0.1052497923374176,
dncnn,poisson,25,test068.png,28.634292028725703,0.9184411337823796,0.06826090067625046,24.549144290826312,0.6819882109129339,0.24038422107696533,
vae,poisson,25,test068.png,18.849815384403993,0.44761745337159947,0.6760405898094177,24.549144290826312,0.6819882109129339,0.24038422107696533,
